{"_step":2000,"iterations_per_second":0.1941252032123144,"val_loss":0.15460526943206787,"peak_memory":15.175841168,"trained_tokens":124117,"learning_rate":9.999999747378752e-06,"iteration":2000,"_timestamp":1.7725431737949681e+09,"train_loss":0.0017360225319862366,"_wandb":{"runtime":11544},"_runtime":11544.017673542,"tokens_per_second":12.210475282054576,"val_time":11.525738125001226}