{"val_loss":0.09810371696949005,"_wandb":{"runtime":6133},"trained_tokens":70165,"_step":1000,"val_time":13.069710207999378,"_timestamp":1.7724009243000052e+09,"learning_rate":9.999999747378752e-06,"_runtime":6133.577204833,"peak_memory":15.175855018,"iterations_per_second":0.17219247740171822,"tokens_per_second":13.362136246373334,"train_loss":0.0055700413882732395,"iteration":1000}