{"train_loss":0.0009662519209086895,"tokens_per_second":8.628935529177436,"_step":2000,"trained_tokens":131658,"_wandb":{"runtime":15846},"val_loss":0.09070796519517899,"_runtime":15846.340678333,"_timestamp":1.772475312868265e+09,"peak_memory":18.61141397,"iterations_per_second":0.12936934826352978,"learning_rate":9.999999747378752e-06,"iteration":2000,"val_time":18.454683375006425}