{"trained_tokens":163658,"train_loss":0.005313270166516304,"_runtime":6934.811741583,"val_time":7.778184874994622,"tokens_per_second":25.414492698712458,"_wandb":{"runtime":6934},"_step":2000,"learning_rate":9.999999747378752e-06,"val_loss":0.09665871411561966,"iteration":2000,"peak_memory":10.381852722,"iterations_per_second":0.3073094643133308,"_timestamp":1.772640481848292e+09}