{"_timestamp":1.7724469131885152e+09,"_step":1000,"iteration":1000,"iterations_per_second":0.09598569651957639,"train_loss":0.0046000294387340546,"val_loss":0.09402655065059662,"tokens_per_second":7.822834266345476,"_runtime":9573.593376541,"_wandb":{"runtime":9573},"peak_memory":11.644627636,"trained_tokens":74076,"val_time":15.16220545899705,"learning_rate":9.999999747378752e-06}